name,publish,time,current_time,download
@coveo/atomic,published 2.62.2,2 days ago,2024-03-27 23:48:54.356141,download/coveo-atomic-2.62.2.tgz
@komune-io/g2-utils,published 0.5.0-alpha.b68b351,32 minutes ago,2024-03-27 23:48:54.356141,download/komune-io-g2-utils-0.5.0-alpha.b68b351.tgz
sum-adigunevando,published 1.2.0,32 minutes ago,2024-03-27 23:48:54.356141,download/sum-adigunevando-1.2.0.tgz
@komune-io/g2-themes,published 0.5.0-alpha.b68b351,32 minutes ago,2024-03-27 23:48:54.356141,download/komune-io-g2-themes-0.5.0-alpha.b68b351.tgz
sum-mimiwarley,published 1.2.0,33 minutes ago,2024-03-27 23:48:54.356141,download/sum-mimiwarley-1.2.0.tgz
@eth-optimism/sdk,published 3.2.3,6 days ago,2024-03-27 23:48:54.356141,download/eth-optimism-sdk-3.2.3.tgz
sum-honoratoobrien,published 1.2.0,34 minutes ago,2024-03-27 23:48:54.356141,download/sum-honoratoobrien-1.2.0.tgz
@compassdigital/service,published 9.3.0,a year ago,2024-03-27 23:48:54.356141,download/compassdigital-service-9.3.0.tgz
@mwcp/share,published 23.0.0,34 minutes ago,2024-03-27 23:48:54.356141,download/mwcp-share-23.0.0.tgz
@salto-io/adapter-components,published 0.3.54,17 days ago,2024-03-27 23:48:54.356141,download/salto-io-adapter-components-0.3.54.tgz
@compassdigital/provider,published 5.5.2,a year ago,2024-03-27 23:48:54.356141,download/compassdigital-provider-5.5.2.tgz
@salto-io/adapter-utils,published 0.3.54,17 days ago,2024-03-27 23:48:54.356141,download/salto-io-adapter-utils-0.3.54.tgz
@salto-io/e2e-credentials-store,published 0.3.54,17 days ago,2024-03-27 23:48:54.356141,download/salto-io-e2e-credentials-store-0.3.54.tgz
@salto-io/adapter-api,published 0.3.54,17 days ago,2024-03-27 23:48:54.356141,download/salto-io-adapter-api-0.3.54.tgz
@salto-io/logging,published 0.3.54,17 days ago,2024-03-27 23:48:54.356141,download/salto-io-logging-0.3.54.tgz
@coveo/headless,published 2.58.0,2 days ago,2024-03-27 23:48:54.356141,download/coveo-headless-2.58.0.tgz
@salto-io/lowerdash,published 0.3.54,17 days ago,2024-03-27 23:48:54.356141,download/salto-io-lowerdash-0.3.54.tgz
@salto-io/test-utils,published 0.3.54,17 days ago,2024-03-27 23:48:54.356141,download/salto-io-test-utils-0.3.54.tgz
@mikro-orm/cli,published 6.1.12,3 days ago,2024-03-27 23:48:54.356141,download/mikro-orm-cli-6.1.12.tgz
@mikro-orm/postgresql,published 6.1.12,3 days ago,2024-03-27 23:48:54.356141,download/mikro-orm-postgresql-6.1.12.tgz
@mikro-orm/sqlite,published 6.1.12,3 days ago,2024-03-27 23:48:54.356141,download/mikro-orm-sqlite-6.1.12.tgz
@mikro-orm/mysql,published 6.1.12,3 days ago,2024-03-27 23:48:54.356141,download/mikro-orm-mysql-6.1.12.tgz
@mikro-orm/migrations,published 6.1.12,3 days ago,2024-03-27 23:48:54.356141,download/mikro-orm-migrations-6.1.12.tgz
@mikro-orm/core,published 6.1.12,3 days ago,2024-03-27 23:48:54.356141,download/mikro-orm-core-6.1.12.tgz
@mikro-orm/seeder,published 6.1.12,3 days ago,2024-03-27 23:48:54.356141,download/mikro-orm-seeder-6.1.12.tgz
@dcloudio/uni-mp-360,published 2.0.2-4000720240327001,36 minutes ago,2024-03-27 23:48:54.356141,download/dcloudio-uni-mp-360-2.0.2-4000720240327001.tgz
@mikro-orm/knex,published 6.1.12,3 days ago,2024-03-27 23:48:54.356141,download/mikro-orm-knex-6.1.12.tgz
mikro-orm,published 6.1.12,3 days ago,2024-03-27 23:48:54.356141,download/mikro-orm-6.1.12.tgz
@mikro-orm/mongodb,published 6.1.12,3 days ago,2024-03-27 23:48:54.356141,download/mikro-orm-mongodb-6.1.12.tgz
@mikro-orm/reflection,published 6.1.12,3 days ago,2024-03-27 23:48:54.356141,download/mikro-orm-reflection-6.1.12.tgz
sum-tillerynubia,published 1.2.0,37 minutes ago,2024-03-27 23:48:54.356141,download/sum-tillerynubia-1.2.0.tgz
@sb1/ffe-form,published 28.0.12,37 minutes ago,2024-03-27 23:48:54.356141,download/sb1-ffe-form-28.0.12.tgz
sum-ponciomaskirta,published 1.2.0,38 minutes ago,2024-03-27 23:48:54.356141,download/sum-ponciomaskirta-1.2.0.tgz
@hsds/button,published 9.1.3-prov.3,38 minutes ago,2024-03-27 23:48:54.356141,download/hsds-button-9.1.3-prov.3.tgz
@hsds/text,published 9.0.7-prov.3,38 minutes ago,2024-03-27 23:48:54.356141,download/hsds-text-9.0.7-prov.3.tgz
@hsds/tooltip,published 9.1.7-prov.3,38 minutes ago,2024-03-27 23:48:54.356141,download/hsds-tooltip-9.1.7-prov.3.tgz
@ckeditor/ckeditor5-list,published 41.2.1,10 days ago,2024-03-28 22:32:47.121393,download/ckeditor-ckeditor5-list-41.2.1.tgz
@ckeditor/ckeditor5-indent,published 41.2.1,10 days ago,2024-03-28 22:32:47.121393,download/ckeditor-ckeditor5-indent-41.2.1.tgz
@ckeditor/ckeditor5-language,published 41.2.1,10 days ago,2024-03-28 22:32:47.121393,download/ckeditor-ckeditor5-language-41.2.1.tgz
@ckeditor/ckeditor5-media-embed,published 41.2.1,10 days ago,2024-03-28 22:32:47.121393,download/ckeditor-ckeditor5-media-embed-41.2.1.tgz
@ckeditor/ckeditor5-mention,published 41.2.1,10 days ago,2024-03-28 22:32:47.121393,download/ckeditor-ckeditor5-mention-41.2.1.tgz
@ckeditor/ckeditor5-paragraph,published 41.2.1,10 days ago,2024-03-28 22:32:47.121393,download/ckeditor-ckeditor5-paragraph-41.2.1.tgz
@ckeditor/ckeditor5-select-all,published 41.2.1,10 days ago,2024-03-28 22:32:47.121393,download/ckeditor-ckeditor5-select-all-41.2.1.tgz
@ckeditor/ckeditor5-show-blocks,published 41.2.1,10 days ago,2024-03-28 22:32:47.121393,download/ckeditor-ckeditor5-show-blocks-41.2.1.tgz
@ckeditor/ckeditor5-theme-lark,published 41.2.1,10 days ago,2024-03-28 22:32:47.121393,download/ckeditor-ckeditor5-theme-lark-41.2.1.tgz
@tldraw/tldraw,published 2.0.2,10 days ago,2024-03-28 22:32:47.121393,download/tldraw-tldraw-2.0.2.tgz
@opensumi/ide-core-node,published 2.27.2,2 months ago,2024-03-28 22:32:47.121393,download/opensumi-ide-core-node-2.27.2.tgz
@udecode/plate,published 31.3.1,24 minutes ago,2024-03-28 22:32:47.121393,download/udecode-plate-31.3.1.tgz
@opensumi/ide-core-common,published 2.27.2,2 months ago,2024-03-28 22:32:47.121393,download/opensumi-ide-core-common-2.27.2.tgz
@opensumi/ide-extension,published 2.27.2,2 months ago,2024-03-28 22:32:47.121393,download/opensumi-ide-extension-2.27.2.tgz
@xata.io/client,published 0.29.3,21 days ago,2024-03-28 22:32:47.121393,download/xata.io-client-0.29.3.tgz
@udecode/plate-serializer-docx,published 31.3.1,24 minutes ago,2024-03-28 22:32:47.121393,download/udecode-plate-serializer-docx-31.3.1.tgz
@opensumi/ide-theme,published 2.27.2,2 months ago,2024-03-28 22:32:47.121393,download/opensumi-ide-theme-2.27.2.tgz
@opensumi/ide-file-service,published 2.27.2,2 months ago,2024-03-28 22:32:47.121393,download/opensumi-ide-file-service-2.27.2.tgz
@opensumi/ide-connection,published 2.27.2,2 months ago,2024-03-28 22:32:47.121393,download/opensumi-ide-connection-2.27.2.tgz
@opensumi/ide-components,published 2.27.2,2 months ago,2024-03-28 22:32:47.121393,download/opensumi-ide-components-2.27.2.tgz
@supabase/gotrue-js,published 2.62.2,2 months ago,2024-03-28 22:32:47.121393,download/supabase-gotrue-js-2.62.2.tgz
@sanity/vision,published 3.36.1,20 hours ago,2024-03-28 22:32:47.121393,download/sanity-vision-3.36.1.tgz
@walletconnect/utils,published 2.11.3,9 days ago,2024-03-28 22:32:47.121393,download/walletconnect-utils-2.11.3.tgz
@walletconnect/types,published 2.11.3,9 days ago,2024-03-28 22:32:47.121393,download/walletconnect-types-2.11.3.tgz
@sanity/cli,published 3.36.1,20 hours ago,2024-03-28 22:32:47.121393,download/sanity-cli-3.36.1.tgz
@walletconnect/react-native-compat,published 2.11.3,9 days ago,2024-03-28 22:32:47.121393,download/walletconnect-react-native-compat-2.11.3.tgz
@opensumi/ide-workspace-edit,published 2.27.2,2 months ago,2024-03-28 22:32:47.121393,download/opensumi-ide-workspace-edit-2.27.2.tgz
@sanity/mutator,published 3.36.1,20 hours ago,2024-03-28 22:32:47.121393,download/sanity-mutator-3.36.1.tgz
@sanity/util,published 3.36.1,20 hours ago,2024-03-28 22:32:47.121393,download/sanity-util-3.36.1.tgz
@opensumi/ide-monaco,published 2.27.2,2 months ago,2024-03-28 22:32:47.121393,download/opensumi-ide-monaco-2.27.2.tgz
@opensumi/ide-logs,published 2.27.2,2 months ago,2024-03-28 22:32:47.121393,download/opensumi-ide-logs-2.27.2.tgz
@walletconnect/web3wallet,published 1.10.3,9 days ago,2024-03-28 22:32:47.121393,download/walletconnect-web3wallet-1.10.3.tgz
@opensumi/ide-core-browser,published 2.27.2,2 months ago,2024-03-28 22:32:47.121393,download/opensumi-ide-core-browser-2.27.2.tgz
@cainiaofe/cn-ui,published 0.12.20,5 hours ago,2024-03-28 22:32:47.121393,download/cainiaofe-cn-ui-0.12.20.tgz
@supabase/supabase-js,published 2.41.1,5 hours ago,2024-03-28 22:32:47.121393,download/supabase-supabase-js-2.41.1.tgz
sveltekit-superforms,published 2.12.0,5 hours ago,2024-03-28 22:32:47.121393,download/sveltekit-superforms-2.12.0.tgz
i18next-browser-languagedetector,published 7.2.1,4 minutes ago,2024-03-30 14:24:10.040329,C:/Users/97091/Desktop/getgithub/download/i18next-browser-languagedetector-7.2.1.tgz
user-agents,published 1.1.159,6 minutes ago,2024-03-30 14:24:10.040329,C:/Users/97091/Desktop/getgithub/download/user-agents-1.1.159.tgz
@loadingio/loading.css,published 3.2.1,7 minutes ago,2024-03-30 14:24:10.040329,C:/Users/97091/Desktop/getgithub/download/loadingio-loading.css-3.2.1.tgz
@wppconnect/wa-version,published 1.4.26,10 minutes ago,2024-03-30 14:24:10.040329,C:/Users/97091/Desktop/getgithub/download/wppconnect-wa-version-1.4.26.tgz
@5minds/processcube_engine_sdk,published 4.0.3,2 months ago,2024-03-30 14:24:10.040329,C:/Users/97091/Desktop/getgithub/download/5minds-processcube_engine_sdk-4.0.3.tgz
openai,published 4.31.0,30 minutes ago,2024-03-30 14:24:10.040329,C:/Users/97091/Desktop/getgithub/download/openai-4.31.0.tgz
oxlint,published 0.2.15,37 minutes ago,2024-03-30 14:24:10.040329,C:/Users/97091/Desktop/getgithub/download/oxlint-0.2.15.tgz
@tanstack/react-router,published 1.26.1,40 minutes ago,2024-03-30 14:24:10.040329,C:/Users/97091/Desktop/getgithub/download/tanstack-react-router-1.26.1.tgz
@iobroker/adapter-react-v5,published 4.13.0,an hour ago,2024-03-30 14:24:10.040329,C:/Users/97091/Desktop/getgithub/download/iobroker-adapter-react-v5-4.13.0.tgz
@types/node,published 20.12.2,an hour ago,2024-03-30 14:24:10.040329,C:/Users/97091/Desktop/getgithub/download/types-node-20.12.2.tgz
types-ramda,published 0.29.10,an hour ago,2024-03-30 14:24:10.040329,C:/Users/97091/Desktop/getgithub/download/types-ramda-0.29.10.tgz
@oclif/plugin-plugins,published 5.0.2,an hour ago,2024-03-30 14:24:10.040329,C:/Users/97091/Desktop/getgithub/download/oclif-plugin-plugins-5.0.2.tgz
@microsoft/applicationinsights-web,published 3.1.2,8 days ago,2024-03-30 14:24:10.040329,C:/Users/97091/Desktop/getgithub/download/microsoft-applicationinsights-web-3.1.2.tgz
renovate,published 37.277.0,an hour ago,2024-03-30 14:24:10.040329,C:/Users/97091/Desktop/getgithub/download/renovate-37.277.0.tgz
@microsoft/applicationinsights-core-js,published 3.1.2,8 days ago,2024-03-30 14:24:10.040329,C:/Users/97091/Desktop/getgithub/download/microsoft-applicationinsights-core-js-3.1.2.tgz
@microsoft/applicationinsights-common,published 3.1.2,8 days ago,2024-03-30 14:24:10.040329,C:/Users/97091/Desktop/getgithub/download/microsoft-applicationinsights-common-3.1.2.tgz
houdini,published 1.2.46,a day ago,2024-03-30 14:24:10.040329,C:/Users/97091/Desktop/getgithub/download/houdini-1.2.46.tgz
@applicaster/zapp-react-native-ui-components,published 9.2.10,a day ago,2024-03-30 14:24:10.040329,C:/Users/97091/Desktop/getgithub/download/applicaster-zapp-react-native-ui-components-9.2.10.tgz
@applicaster/zapp-react-native-redux,published 9.2.10,a day ago,2024-03-30 14:24:10.040329,C:/Users/97091/Desktop/getgithub/download/applicaster-zapp-react-native-redux-9.2.10.tgz
@applicaster/zapp-react-native-bridge,published 9.2.10,a day ago,2024-03-30 14:24:10.040329,C:/Users/97091/Desktop/getgithub/download/applicaster-zapp-react-native-bridge-9.2.10.tgz
@yamato-daiwa/style_guides,published 0.2.0,an hour ago,2024-03-30 14:24:10.040329,C:/Users/97091/Desktop/getgithub/download/yamato-daiwa-style_guides-0.2.0.tgz
@applicaster/zapp-react-native-utils,published 9.2.10,a day ago,2024-03-30 14:24:10.040329,C:/Users/97091/Desktop/getgithub/download/applicaster-zapp-react-native-utils-9.2.10.tgz
react-native-windows,published 0.73.11,12 days ago,2024-03-30 14:24:10.040329,C:/Users/97091/Desktop/getgithub/download/react-native-windows-0.73.11.tgz
@applicaster/applicaster-types,published 9.2.10,a day ago,2024-03-30 14:24:10.040329,C:/Users/97091/Desktop/getgithub/download/applicaster-applicaster-types-9.2.10.tgz
@office-iss/react-native-win32,published 0.73.2,12 days ago,2024-03-30 14:24:10.040329,C:/Users/97091/Desktop/getgithub/download/office-iss-react-native-win32-0.73.2.tgz
scratch-l10n,published 3.18.87,an hour ago,2024-03-30 14:24:10.040329,C:/Users/97091/Desktop/getgithub/download/scratch-l10n-3.18.87.tgz
@react-native-windows/fs,published 0.73.0,4 months ago,2024-03-30 14:24:10.040329,C:/Users/97091/Desktop/getgithub/download/react-native-windows-fs-0.73.0.tgz
@rnw-scripts/just-task,published 2.3.26,an hour ago,2024-03-30 14:24:10.040329,C:/Users/97091/Desktop/getgithub/download/rnw-scripts-just-task-2.3.26.tgz
excalibur,published 0.29.1,a month ago,2024-03-30 14:24:10.040329,C:/Users/97091/Desktop/getgithub/download/excalibur-0.29.1.tgz
@rnw-scripts/eslint-config,published 1.2.10,an hour ago,2024-03-30 14:24:10.040329,C:/Users/97091/Desktop/getgithub/download/rnw-scripts-eslint-config-1.2.10.tgz
buefy,published 0.9.29,an hour ago,2024-03-30 14:24:10.040329,C:/Users/97091/Desktop/getgithub/download/buefy-0.9.29.tgz
jsii-rosetta,published 5.3.31,5 days ago,2024-03-30 14:24:10.040329,C:/Users/97091/Desktop/getgithub/download/jsii-rosetta-5.3.31.tgz
jsii,published 5.3.31,5 days ago,2024-03-30 14:24:10.040329,C:/Users/97091/Desktop/getgithub/download/jsii-5.3.31.tgz
lighthouse,published 11.7.0,9 days ago,2024-03-30 14:24:10.040329,C:/Users/97091/Desktop/getgithub/download/lighthouse-11.7.0.tgz
@pulumi/aws,published 6.28.2,an hour ago,2024-03-30 14:24:10.040329,C:/Users/97091/Desktop/getgithub/download/pulumi-aws-6.28.2.tgz
@warp-drive-mirror/core-types,published 0.0.0-alpha.35,2 hours ago,2024-03-30 14:24:10.040329,C:/Users/97091/Desktop/getgithub/download/warp-drive-mirror-core-types-0.0.0-alpha.35.tgz
